<application>
  <component name="libraryTable">
    <library name="@types/jest" type="javaScript">
      <CLASSES />
      <SOURCES />
    </library>
    <library name="Bundled Protobuf Distribution">
      <CLASSES />
      <SOURCES>
        <root url="jar://$APPLICATION_PLUGINS_DIR$/protobuf-jetbrains-plugin/lib/protobuf-java-3.6.1-sources.jar!/" />
      </SOURCES>
    </library>
    <library name="Python 3.7 interpreter library">
      <CLASSES>
        <root url="file:///usr/local/Cellar/python/3.7.4_1/Frameworks/Python.framework/Versions/3.7/lib/python3.7" />
        <root url="file:///usr/local/Cellar/python/3.7.4_1/Frameworks/Python.framework/Versions/3.7/lib/python3.7/lib-dynload" />
        <root url="file:///usr/local/lib/python3.7/site-packages" />
        <root url="jar:///usr/local/lib/python3.7/site-packages/x2go-0.6.1.0-py3.7.egg!/" />
        <root url="file:///usr/local/lib/python3.7/site-packages/paramiko-2.6.0-py3.7.egg" />
        <root url="file:///usr/local/lib/python3.7/site-packages/gevent-1.5a1-py3.7-macosx-10.14-x86_64.egg" />
        <root url="file:///usr/local/lib/python3.7/site-packages/PyNaCl-1.3.0-py3.7-macosx-10.14-x86_64.egg" />
        <root url="file:///usr/local/lib/python3.7/site-packages/bcrypt-3.1.7-py3.7-macosx-10.14-x86_64.egg" />
        <root url="file:///usr/local/lib/python3.7/site-packages/greenlet-0.4.15-py3.7-macosx-10.14-x86_64.egg" />
        <root url="file:///usr/local/Cellar/protobuf/3.9.1_1/libexec/lib/python3.7/site-packages" />
        <root url="jar:///usr/local/lib/python3.7/site-packages/PyHoca_CLI-0.6.0.2-py3.7.egg!/" />
        <root url="file://$USER_HOME$/Library/Caches/GoLand2019.2/python_stubs/-1199943126" />
        <root url="file://$APPLICATION_PLUGINS_DIR$/python-ce/helpers/python-skeletons" />
        <root url="file://$APPLICATION_PLUGINS_DIR$/python-ce/helpers/typeshed/stdlib/3" />
        <root url="file://$APPLICATION_PLUGINS_DIR$/python-ce/helpers/typeshed/stdlib/2and3" />
        <root url="file://$APPLICATION_PLUGINS_DIR$/python-ce/helpers/typeshed/third_party/3" />
        <root url="file://$APPLICATION_PLUGINS_DIR$/python-ce/helpers/typeshed/third_party/2and3" />
      </CLASSES>
      <SOURCES>
        <root url="file:///usr/local/Cellar/python/3.7.4_1/Frameworks/Python.framework/Versions/3.7/lib/python3.7" />
        <root url="file:///usr/local/Cellar/python/3.7.4_1/Frameworks/Python.framework/Versions/3.7/lib/python3.7/lib-dynload" />
        <root url="file:///usr/local/lib/python3.7/site-packages" />
        <root url="jar:///usr/local/lib/python3.7/site-packages/x2go-0.6.1.0-py3.7.egg!/" />
        <root url="file:///usr/local/lib/python3.7/site-packages/paramiko-2.6.0-py3.7.egg" />
        <root url="file:///usr/local/lib/python3.7/site-packages/gevent-1.5a1-py3.7-macosx-10.14-x86_64.egg" />
        <root url="file:///usr/local/lib/python3.7/site-packages/PyNaCl-1.3.0-py3.7-macosx-10.14-x86_64.egg" />
        <root url="file:///usr/local/lib/python3.7/site-packages/bcrypt-3.1.7-py3.7-macosx-10.14-x86_64.egg" />
        <root url="file:///usr/local/lib/python3.7/site-packages/greenlet-0.4.15-py3.7-macosx-10.14-x86_64.egg" />
        <root url="file:///usr/local/Cellar/protobuf/3.9.1_1/libexec/lib/python3.7/site-packages" />
        <root url="jar:///usr/local/lib/python3.7/site-packages/PyHoca_CLI-0.6.0.2-py3.7.egg!/" />
        <root url="file://$USER_HOME$/Library/Caches/GoLand2019.2/python_stubs/-1199943126" />
        <root url="file://$APPLICATION_PLUGINS_DIR$/python-ce/helpers/python-skeletons" />
        <root url="file://$APPLICATION_PLUGINS_DIR$/python-ce/helpers/typeshed/stdlib/3" />
        <root url="file://$APPLICATION_PLUGINS_DIR$/python-ce/helpers/typeshed/stdlib/2and3" />
        <root url="file://$APPLICATION_PLUGINS_DIR$/python-ce/helpers/typeshed/third_party/3" />
        <root url="file://$APPLICATION_PLUGINS_DIR$/python-ce/helpers/typeshed/third_party/2and3" />
      </SOURCES>
    </library>
    <library name="Python 3.7 interpreter library">
      <CLASSES>
        <root url="file:///usr/local/Cellar/python/3.7.4_1/Frameworks/Python.framework/Versions/3.7/lib/python3.7" />
        <root url="file:///usr/local/Cellar/python/3.7.4_1/Frameworks/Python.framework/Versions/3.7/lib/python3.7/lib-dynload" />
        <root url="file:///usr/local/lib/python3.7/site-packages" />
        <root url="jar:///usr/local/lib/python3.7/site-packages/x2go-0.6.1.0-py3.7.egg!/" />
        <root url="file:///usr/local/lib/python3.7/site-packages/paramiko-2.6.0-py3.7.egg" />
        <root url="file:///usr/local/lib/python3.7/site-packages/gevent-1.5a1-py3.7-macosx-10.14-x86_64.egg" />
        <root url="file:///usr/local/lib/python3.7/site-packages/PyNaCl-1.3.0-py3.7-macosx-10.14-x86_64.egg" />
        <root url="file:///usr/local/lib/python3.7/site-packages/bcrypt-3.1.7-py3.7-macosx-10.14-x86_64.egg" />
        <root url="file:///usr/local/lib/python3.7/site-packages/greenlet-0.4.15-py3.7-macosx-10.14-x86_64.egg" />
        <root url="file:///usr/local/Cellar/protobuf/3.9.1_1/libexec/lib/python3.7/site-packages" />
        <root url="jar:///usr/local/lib/python3.7/site-packages/PyHoca_CLI-0.6.0.2-py3.7.egg!/" />
        <root url="file://$USER_HOME$/Library/Caches/GoLand2019.2/python_stubs/-1199943126" />
        <root url="file://$APPLICATION_PLUGINS_DIR$/python-ce/helpers/python-skeletons" />
        <root url="file://$APPLICATION_PLUGINS_DIR$/python-ce/helpers/typeshed/stdlib/3" />
        <root url="file://$APPLICATION_PLUGINS_DIR$/python-ce/helpers/typeshed/stdlib/2and3" />
        <root url="file://$APPLICATION_PLUGINS_DIR$/python-ce/helpers/typeshed/third_party/3" />
        <root url="file://$APPLICATION_PLUGINS_DIR$/python-ce/helpers/typeshed/third_party/2and3" />
      </CLASSES>
      <SOURCES>
        <root url="file:///usr/local/Cellar/python/3.7.4_1/Frameworks/Python.framework/Versions/3.7/lib/python3.7" />
        <root url="file:///usr/local/Cellar/python/3.7.4_1/Frameworks/Python.framework/Versions/3.7/lib/python3.7/lib-dynload" />
        <root url="file:///usr/local/lib/python3.7/site-packages" />
        <root url="jar:///usr/local/lib/python3.7/site-packages/x2go-0.6.1.0-py3.7.egg!/" />
        <root url="file:///usr/local/lib/python3.7/site-packages/paramiko-2.6.0-py3.7.egg" />
        <root url="file:///usr/local/lib/python3.7/site-packages/gevent-1.5a1-py3.7-macosx-10.14-x86_64.egg" />
        <root url="file:///usr/local/lib/python3.7/site-packages/PyNaCl-1.3.0-py3.7-macosx-10.14-x86_64.egg" />
        <root url="file:///usr/local/lib/python3.7/site-packages/bcrypt-3.1.7-py3.7-macosx-10.14-x86_64.egg" />
        <root url="file:///usr/local/lib/python3.7/site-packages/greenlet-0.4.15-py3.7-macosx-10.14-x86_64.egg" />
        <root url="file:///usr/local/Cellar/protobuf/3.9.1_1/libexec/lib/python3.7/site-packages" />
        <root url="jar:///usr/local/lib/python3.7/site-packages/PyHoca_CLI-0.6.0.2-py3.7.egg!/" />
        <root url="file://$USER_HOME$/Library/Caches/GoLand2019.2/python_stubs/-1199943126" />
        <root url="file://$APPLICATION_PLUGINS_DIR$/python-ce/helpers/python-skeletons" />
        <root url="file://$APPLICATION_PLUGINS_DIR$/python-ce/helpers/typeshed/stdlib/3" />
        <root url="file://$APPLICATION_PLUGINS_DIR$/python-ce/helpers/typeshed/stdlib/2and3" />
        <root url="file://$APPLICATION_PLUGINS_DIR$/python-ce/helpers/typeshed/third_party/3" />
        <root url="file://$APPLICATION_PLUGINS_DIR$/python-ce/helpers/typeshed/third_party/2and3" />
      </SOURCES>
    </library>
    <library name="Python 3.7 interpreter library">
      <CLASSES>
        <root url="file:///usr/local/Cellar/python/3.7.4_1/Frameworks/Python.framework/Versions/3.7/lib/python3.7" />
        <root url="file:///usr/local/Cellar/python/3.7.4_1/Frameworks/Python.framework/Versions/3.7/lib/python3.7/lib-dynload" />
        <root url="file:///usr/local/lib/python3.7/site-packages" />
        <root url="jar:///usr/local/lib/python3.7/site-packages/x2go-0.6.1.0-py3.7.egg!/" />
        <root url="file:///usr/local/lib/python3.7/site-packages/paramiko-2.6.0-py3.7.egg" />
        <root url="file:///usr/local/lib/python3.7/site-packages/gevent-1.5a1-py3.7-macosx-10.14-x86_64.egg" />
        <root url="file:///usr/local/lib/python3.7/site-packages/PyNaCl-1.3.0-py3.7-macosx-10.14-x86_64.egg" />
        <root url="file:///usr/local/lib/python3.7/site-packages/bcrypt-3.1.7-py3.7-macosx-10.14-x86_64.egg" />
        <root url="file:///usr/local/lib/python3.7/site-packages/greenlet-0.4.15-py3.7-macosx-10.14-x86_64.egg" />
        <root url="file:///usr/local/Cellar/protobuf/3.9.1_1/libexec/lib/python3.7/site-packages" />
        <root url="jar:///usr/local/lib/python3.7/site-packages/PyHoca_CLI-0.6.0.2-py3.7.egg!/" />
        <root url="file://$USER_HOME$/Library/Caches/GoLand2019.2/python_stubs/-1199943126" />
        <root url="file://$APPLICATION_PLUGINS_DIR$/python-ce/helpers/python-skeletons" />
        <root url="file://$APPLICATION_PLUGINS_DIR$/python-ce/helpers/typeshed/stdlib/3" />
        <root url="file://$APPLICATION_PLUGINS_DIR$/python-ce/helpers/typeshed/stdlib/2and3" />
        <root url="file://$APPLICATION_PLUGINS_DIR$/python-ce/helpers/typeshed/third_party/3" />
        <root url="file://$APPLICATION_PLUGINS_DIR$/python-ce/helpers/typeshed/third_party/2and3" />
      </CLASSES>
      <SOURCES>
        <root url="file:///usr/local/Cellar/python/3.7.4_1/Frameworks/Python.framework/Versions/3.7/lib/python3.7" />
        <root url="file:///usr/local/Cellar/python/3.7.4_1/Frameworks/Python.framework/Versions/3.7/lib/python3.7/lib-dynload" />
        <root url="file:///usr/local/lib/python3.7/site-packages" />
        <root url="jar:///usr/local/lib/python3.7/site-packages/x2go-0.6.1.0-py3.7.egg!/" />
        <root url="file:///usr/local/lib/python3.7/site-packages/paramiko-2.6.0-py3.7.egg" />
        <root url="file:///usr/local/lib/python3.7/site-packages/gevent-1.5a1-py3.7-macosx-10.14-x86_64.egg" />
        <root url="file:///usr/local/lib/python3.7/site-packages/PyNaCl-1.3.0-py3.7-macosx-10.14-x86_64.egg" />
        <root url="file:///usr/local/lib/python3.7/site-packages/bcrypt-3.1.7-py3.7-macosx-10.14-x86_64.egg" />
        <root url="file:///usr/local/lib/python3.7/site-packages/greenlet-0.4.15-py3.7-macosx-10.14-x86_64.egg" />
        <root url="file:///usr/local/Cellar/protobuf/3.9.1_1/libexec/lib/python3.7/site-packages" />
        <root url="jar:///usr/local/lib/python3.7/site-packages/PyHoca_CLI-0.6.0.2-py3.7.egg!/" />
        <root url="file://$USER_HOME$/Library/Caches/GoLand2019.2/python_stubs/-1199943126" />
        <root url="file://$APPLICATION_PLUGINS_DIR$/python-ce/helpers/python-skeletons" />
        <root url="file://$APPLICATION_PLUGINS_DIR$/python-ce/helpers/typeshed/stdlib/3" />
        <root url="file://$APPLICATION_PLUGINS_DIR$/python-ce/helpers/typeshed/stdlib/2and3" />
        <root url="file://$APPLICATION_PLUGINS_DIR$/python-ce/helpers/typeshed/third_party/3" />
        <root url="file://$APPLICATION_PLUGINS_DIR$/python-ce/helpers/typeshed/third_party/2and3" />
      </SOURCES>
    </library>
    <library name="Python 3.7 interpreter library">
      <CLASSES>
        <root url="file:///usr/local/Cellar/python/3.7.4_1/Frameworks/Python.framework/Versions/3.7/lib/python3.7" />
        <root url="file:///usr/local/Cellar/python/3.7.4_1/Frameworks/Python.framework/Versions/3.7/lib/python3.7/lib-dynload" />
        <root url="file:///usr/local/lib/python3.7/site-packages" />
        <root url="jar:///usr/local/lib/python3.7/site-packages/x2go-0.6.1.0-py3.7.egg!/" />
        <root url="file:///usr/local/lib/python3.7/site-packages/paramiko-2.6.0-py3.7.egg" />
        <root url="file:///usr/local/lib/python3.7/site-packages/gevent-1.5a1-py3.7-macosx-10.14-x86_64.egg" />
        <root url="file:///usr/local/lib/python3.7/site-packages/PyNaCl-1.3.0-py3.7-macosx-10.14-x86_64.egg" />
        <root url="file:///usr/local/lib/python3.7/site-packages/bcrypt-3.1.7-py3.7-macosx-10.14-x86_64.egg" />
        <root url="file:///usr/local/lib/python3.7/site-packages/greenlet-0.4.15-py3.7-macosx-10.14-x86_64.egg" />
        <root url="file:///usr/local/Cellar/protobuf/3.9.1_1/libexec/lib/python3.7/site-packages" />
        <root url="jar:///usr/local/lib/python3.7/site-packages/PyHoca_CLI-0.6.0.2-py3.7.egg!/" />
        <root url="file://$USER_HOME$/Library/Caches/GoLand2019.2/python_stubs/-1199943126" />
        <root url="file://$APPLICATION_PLUGINS_DIR$/python-ce/helpers/python-skeletons" />
        <root url="file://$APPLICATION_PLUGINS_DIR$/python-ce/helpers/typeshed/stdlib/3" />
        <root url="file://$APPLICATION_PLUGINS_DIR$/python-ce/helpers/typeshed/stdlib/2and3" />
        <root url="file://$APPLICATION_PLUGINS_DIR$/python-ce/helpers/typeshed/third_party/3" />
        <root url="file://$APPLICATION_PLUGINS_DIR$/python-ce/helpers/typeshed/third_party/2and3" />
      </CLASSES>
      <SOURCES>
        <root url="file:///usr/local/Cellar/python/3.7.4_1/Frameworks/Python.framework/Versions/3.7/lib/python3.7" />
        <root url="file:///usr/local/Cellar/python/3.7.4_1/Frameworks/Python.framework/Versions/3.7/lib/python3.7/lib-dynload" />
        <root url="file:///usr/local/lib/python3.7/site-packages" />
        <root url="jar:///usr/local/lib/python3.7/site-packages/x2go-0.6.1.0-py3.7.egg!/" />
        <root url="file:///usr/local/lib/python3.7/site-packages/paramiko-2.6.0-py3.7.egg" />
        <root url="file:///usr/local/lib/python3.7/site-packages/gevent-1.5a1-py3.7-macosx-10.14-x86_64.egg" />
        <root url="file:///usr/local/lib/python3.7/site-packages/PyNaCl-1.3.0-py3.7-macosx-10.14-x86_64.egg" />
        <root url="file:///usr/local/lib/python3.7/site-packages/bcrypt-3.1.7-py3.7-macosx-10.14-x86_64.egg" />
        <root url="file:///usr/local/lib/python3.7/site-packages/greenlet-0.4.15-py3.7-macosx-10.14-x86_64.egg" />
        <root url="file:///usr/local/Cellar/protobuf/3.9.1_1/libexec/lib/python3.7/site-packages" />
        <root url="jar:///usr/local/lib/python3.7/site-packages/PyHoca_CLI-0.6.0.2-py3.7.egg!/" />
        <root url="file://$USER_HOME$/Library/Caches/GoLand2019.2/python_stubs/-1199943126" />
        <root url="file://$APPLICATION_PLUGINS_DIR$/python-ce/helpers/python-skeletons" />
        <root url="file://$APPLICATION_PLUGINS_DIR$/python-ce/helpers/typeshed/stdlib/3" />
        <root url="file://$APPLICATION_PLUGINS_DIR$/python-ce/helpers/typeshed/stdlib/2and3" />
        <root url="file://$APPLICATION_PLUGINS_DIR$/python-ce/helpers/typeshed/third_party/3" />
        <root url="file://$APPLICATION_PLUGINS_DIR$/python-ce/helpers/typeshed/third_party/2and3" />
      </SOURCES>
    </library>
    <library name="Python 3.7 interpreter library">
      <CLASSES>
        <root url="file:///usr/local/Cellar/python/3.7.4_1/Frameworks/Python.framework/Versions/3.7/lib/python3.7" />
        <root url="file:///usr/local/Cellar/python/3.7.4_1/Frameworks/Python.framework/Versions/3.7/lib/python3.7/lib-dynload" />
        <root url="file:///usr/local/lib/python3.7/site-packages" />
        <root url="jar:///usr/local/lib/python3.7/site-packages/x2go-0.6.1.0-py3.7.egg!/" />
        <root url="file:///usr/local/lib/python3.7/site-packages/paramiko-2.6.0-py3.7.egg" />
        <root url="file:///usr/local/lib/python3.7/site-packages/gevent-1.5a1-py3.7-macosx-10.14-x86_64.egg" />
        <root url="file:///usr/local/lib/python3.7/site-packages/PyNaCl-1.3.0-py3.7-macosx-10.14-x86_64.egg" />
        <root url="file:///usr/local/lib/python3.7/site-packages/bcrypt-3.1.7-py3.7-macosx-10.14-x86_64.egg" />
        <root url="file:///usr/local/lib/python3.7/site-packages/greenlet-0.4.15-py3.7-macosx-10.14-x86_64.egg" />
        <root url="file:///usr/local/Cellar/protobuf/3.9.1_1/libexec/lib/python3.7/site-packages" />
        <root url="jar:///usr/local/lib/python3.7/site-packages/PyHoca_CLI-0.6.0.2-py3.7.egg!/" />
        <root url="file://$USER_HOME$/Library/Caches/GoLand2019.2/python_stubs/-1199943126" />
        <root url="file://$APPLICATION_PLUGINS_DIR$/python-ce/helpers/python-skeletons" />
        <root url="file://$APPLICATION_PLUGINS_DIR$/python-ce/helpers/typeshed/stdlib/3" />
        <root url="file://$APPLICATION_PLUGINS_DIR$/python-ce/helpers/typeshed/stdlib/2and3" />
        <root url="file://$APPLICATION_PLUGINS_DIR$/python-ce/helpers/typeshed/third_party/3" />
        <root url="file://$APPLICATION_PLUGINS_DIR$/python-ce/helpers/typeshed/third_party/2and3" />
      </CLASSES>
      <SOURCES>
        <root url="file:///usr/local/Cellar/python/3.7.4_1/Frameworks/Python.framework/Versions/3.7/lib/python3.7" />
        <root url="file:///usr/local/Cellar/python/3.7.4_1/Frameworks/Python.framework/Versions/3.7/lib/python3.7/lib-dynload" />
        <root url="file:///usr/local/lib/python3.7/site-packages" />
        <root url="jar:///usr/local/lib/python3.7/site-packages/x2go-0.6.1.0-py3.7.egg!/" />
        <root url="file:///usr/local/lib/python3.7/site-packages/paramiko-2.6.0-py3.7.egg" />
        <root url="file:///usr/local/lib/python3.7/site-packages/gevent-1.5a1-py3.7-macosx-10.14-x86_64.egg" />
        <root url="file:///usr/local/lib/python3.7/site-packages/PyNaCl-1.3.0-py3.7-macosx-10.14-x86_64.egg" />
        <root url="file:///usr/local/lib/python3.7/site-packages/bcrypt-3.1.7-py3.7-macosx-10.14-x86_64.egg" />
        <root url="file:///usr/local/lib/python3.7/site-packages/greenlet-0.4.15-py3.7-macosx-10.14-x86_64.egg" />
        <root url="file:///usr/local/Cellar/protobuf/3.9.1_1/libexec/lib/python3.7/site-packages" />
        <root url="jar:///usr/local/lib/python3.7/site-packages/PyHoca_CLI-0.6.0.2-py3.7.egg!/" />
        <root url="file://$USER_HOME$/Library/Caches/GoLand2019.2/python_stubs/-1199943126" />
        <root url="file://$APPLICATION_PLUGINS_DIR$/python-ce/helpers/python-skeletons" />
        <root url="file://$APPLICATION_PLUGINS_DIR$/python-ce/helpers/typeshed/stdlib/3" />
        <root url="file://$APPLICATION_PLUGINS_DIR$/python-ce/helpers/typeshed/stdlib/2and3" />
        <root url="file://$APPLICATION_PLUGINS_DIR$/python-ce/helpers/typeshed/third_party/3" />
        <root url="file://$APPLICATION_PLUGINS_DIR$/python-ce/helpers/typeshed/third_party/2and3" />
      </SOURCES>
    </library>
    <library name="Python 3.7 interpreter library">
      <CLASSES>
        <root url="file:///usr/local/Cellar/python/3.7.4_1/Frameworks/Python.framework/Versions/3.7/lib/python3.7" />
        <root url="file:///usr/local/Cellar/python/3.7.4_1/Frameworks/Python.framework/Versions/3.7/lib/python3.7/lib-dynload" />
        <root url="file:///usr/local/lib/python3.7/site-packages" />
        <root url="jar:///usr/local/lib/python3.7/site-packages/x2go-0.6.1.0-py3.7.egg!/" />
        <root url="file:///usr/local/lib/python3.7/site-packages/paramiko-2.6.0-py3.7.egg" />
        <root url="file:///usr/local/lib/python3.7/site-packages/gevent-1.5a1-py3.7-macosx-10.14-x86_64.egg" />
        <root url="file:///usr/local/lib/python3.7/site-packages/PyNaCl-1.3.0-py3.7-macosx-10.14-x86_64.egg" />
        <root url="file:///usr/local/lib/python3.7/site-packages/bcrypt-3.1.7-py3.7-macosx-10.14-x86_64.egg" />
        <root url="file:///usr/local/lib/python3.7/site-packages/greenlet-0.4.15-py3.7-macosx-10.14-x86_64.egg" />
        <root url="file:///usr/local/Cellar/protobuf/3.9.1_1/libexec/lib/python3.7/site-packages" />
        <root url="jar:///usr/local/lib/python3.7/site-packages/PyHoca_CLI-0.6.0.2-py3.7.egg!/" />
        <root url="file://$USER_HOME$/Library/Caches/GoLand2019.2/python_stubs/-1199943126" />
        <root url="file://$APPLICATION_PLUGINS_DIR$/python-ce/helpers/python-skeletons" />
        <root url="file://$APPLICATION_PLUGINS_DIR$/python-ce/helpers/typeshed/stdlib/3" />
        <root url="file://$APPLICATION_PLUGINS_DIR$/python-ce/helpers/typeshed/stdlib/2and3" />
        <root url="file://$APPLICATION_PLUGINS_DIR$/python-ce/helpers/typeshed/third_party/3" />
        <root url="file://$APPLICATION_PLUGINS_DIR$/python-ce/helpers/typeshed/third_party/2and3" />
      </CLASSES>
      <SOURCES>
        <root url="file:///usr/local/Cellar/python/3.7.4_1/Frameworks/Python.framework/Versions/3.7/lib/python3.7" />
        <root url="file:///usr/local/Cellar/python/3.7.4_1/Frameworks/Python.framework/Versions/3.7/lib/python3.7/lib-dynload" />
        <root url="file:///usr/local/lib/python3.7/site-packages" />
        <root url="jar:///usr/local/lib/python3.7/site-packages/x2go-0.6.1.0-py3.7.egg!/" />
        <root url="file:///usr/local/lib/python3.7/site-packages/paramiko-2.6.0-py3.7.egg" />
        <root url="file:///usr/local/lib/python3.7/site-packages/gevent-1.5a1-py3.7-macosx-10.14-x86_64.egg" />
        <root url="file:///usr/local/lib/python3.7/site-packages/PyNaCl-1.3.0-py3.7-macosx-10.14-x86_64.egg" />
        <root url="file:///usr/local/lib/python3.7/site-packages/bcrypt-3.1.7-py3.7-macosx-10.14-x86_64.egg" />
        <root url="file:///usr/local/lib/python3.7/site-packages/greenlet-0.4.15-py3.7-macosx-10.14-x86_64.egg" />
        <root url="file:///usr/local/Cellar/protobuf/3.9.1_1/libexec/lib/python3.7/site-packages" />
        <root url="jar:///usr/local/lib/python3.7/site-packages/PyHoca_CLI-0.6.0.2-py3.7.egg!/" />
        <root url="file://$USER_HOME$/Library/Caches/GoLand2019.2/python_stubs/-1199943126" />
        <root url="file://$APPLICATION_PLUGINS_DIR$/python-ce/helpers/python-skeletons" />
        <root url="file://$APPLICATION_PLUGINS_DIR$/python-ce/helpers/typeshed/stdlib/3" />
        <root url="file://$APPLICATION_PLUGINS_DIR$/python-ce/helpers/typeshed/stdlib/2and3" />
        <root url="file://$APPLICATION_PLUGINS_DIR$/python-ce/helpers/typeshed/third_party/3" />
        <root url="file://$APPLICATION_PLUGINS_DIR$/python-ce/helpers/typeshed/third_party/2and3" />
      </SOURCES>
    </library>
    <library name="Python 3.7 interpreter library">
      <CLASSES>
        <root url="file:///usr/local/Cellar/python/3.7.4_1/Frameworks/Python.framework/Versions/3.7/lib/python3.7" />
        <root url="file:///usr/local/Cellar/python/3.7.4_1/Frameworks/Python.framework/Versions/3.7/lib/python3.7/lib-dynload" />
        <root url="file:///usr/local/lib/python3.7/site-packages" />
        <root url="jar:///usr/local/lib/python3.7/site-packages/x2go-0.6.1.0-py3.7.egg!/" />
        <root url="file:///usr/local/lib/python3.7/site-packages/gevent-1.5a1-py3.7-macosx-10.14-x86_64.egg" />
        <root url="file:///usr/local/lib/python3.7/site-packages/PyNaCl-1.3.0-py3.7-macosx-10.14-x86_64.egg" />
        <root url="file:///usr/local/lib/python3.7/site-packages/bcrypt-3.1.7-py3.7-macosx-10.14-x86_64.egg" />
        <root url="file:///usr/local/lib/python3.7/site-packages/greenlet-0.4.15-py3.7-macosx-10.14-x86_64.egg" />
        <root url="jar:///usr/local/lib/python3.7/site-packages/PyHoca_CLI-0.6.0.2-py3.7.egg!/" />
        <root url="file:///usr/local/Cellar/protobuf/3.9.2/libexec/lib/python3.7/site-packages" />
        <root url="file://$USER_HOME$/Library/Caches/GoLand2019.2/python_stubs/-1199943126" />
        <root url="file://$APPLICATION_PLUGINS_DIR$/python-ce/helpers/python-skeletons" />
        <root url="file://$APPLICATION_PLUGINS_DIR$/python-ce/helpers/typeshed/stdlib/3" />
        <root url="file://$APPLICATION_PLUGINS_DIR$/python-ce/helpers/typeshed/stdlib/2and3" />
        <root url="file://$APPLICATION_PLUGINS_DIR$/python-ce/helpers/typeshed/third_party/3" />
        <root url="file://$APPLICATION_PLUGINS_DIR$/python-ce/helpers/typeshed/third_party/2and3" />
      </CLASSES>
      <SOURCES>
        <root url="file:///usr/local/Cellar/python/3.7.4_1/Frameworks/Python.framework/Versions/3.7/lib/python3.7" />
        <root url="file:///usr/local/Cellar/python/3.7.4_1/Frameworks/Python.framework/Versions/3.7/lib/python3.7/lib-dynload" />
        <root url="file:///usr/local/lib/python3.7/site-packages" />
        <root url="jar:///usr/local/lib/python3.7/site-packages/x2go-0.6.1.0-py3.7.egg!/" />
        <root url="file:///usr/local/lib/python3.7/site-packages/gevent-1.5a1-py3.7-macosx-10.14-x86_64.egg" />
        <root url="file:///usr/local/lib/python3.7/site-packages/PyNaCl-1.3.0-py3.7-macosx-10.14-x86_64.egg" />
        <root url="file:///usr/local/lib/python3.7/site-packages/bcrypt-3.1.7-py3.7-macosx-10.14-x86_64.egg" />
        <root url="file:///usr/local/lib/python3.7/site-packages/greenlet-0.4.15-py3.7-macosx-10.14-x86_64.egg" />
        <root url="jar:///usr/local/lib/python3.7/site-packages/PyHoca_CLI-0.6.0.2-py3.7.egg!/" />
        <root url="file:///usr/local/Cellar/protobuf/3.9.2/libexec/lib/python3.7/site-packages" />
        <root url="file://$USER_HOME$/Library/Caches/GoLand2019.2/python_stubs/-1199943126" />
        <root url="file://$APPLICATION_PLUGINS_DIR$/python-ce/helpers/python-skeletons" />
        <root url="file://$APPLICATION_PLUGINS_DIR$/python-ce/helpers/typeshed/stdlib/3" />
        <root url="file://$APPLICATION_PLUGINS_DIR$/python-ce/helpers/typeshed/stdlib/2and3" />
        <root url="file://$APPLICATION_PLUGINS_DIR$/python-ce/helpers/typeshed/third_party/3" />
        <root url="file://$APPLICATION_PLUGINS_DIR$/python-ce/helpers/typeshed/third_party/2and3" />
      </SOURCES>
    </library>
  </component>
</application>