<application>
  <component name="Go">
    <option name="renameCorrespondingTestOrProductionFile" value="YES" />
    <option name="renameDirectoryOnPackageRenaming" value="YES" />
    <option name="renamePackageOnDirectoryRenaming" value="YES" />
    <option name="renameSearchInCommentsForFunction" value="false" />
    <option name="renameSearchInCommentsForPackage" value="false" />
    <option name="renameSearchInCommentsForVariable" value="false" />
    <option name="showDocumentationInParameterPopup" value="true" />
  </component>
  <component name="GoFoldingSettings">
    <option name="isOneLineReturns" value="false" />
    <option name="isOneLinePanics" value="false" />
  </component>
  <component name="PythonFoldingSettings">
    <option name="COLLAPSE_LONG_STRINGS" value="true" />
    <option name="COLLAPSE_LONG_COLLECTIONS" value="true" />
    <option name="COLLAPSE_SEQUENTIAL_COMMENTS" value="true" />
  </component>
</application>