<application>
  <component name="GoSdkList">
    <sdk-path>
      <set>
        <option value="" />
        <option value="$USER_HOME$/.local/share/gopath/go1.13" />
        <option value="/usr/local/Cellar/go/1.12.5/libexec" />
        <option value="/usr/local/Cellar/go/1.12.9/libexec" />
        <option value="/usr/local/Cellar/go/1.13.1/libexec" />
        <option value="/usr/local/Cellar/go/1.13.3/libexec" />
        <option value="/usr/local/Cellar/go/1.13.4/libexec" />
        <option value="/usr/local/Cellar/go/1.13.7/libexec" />
        <option value="/usr/local/Cellar/go/1.13/libexec" />
      </set>
    </sdk-path>
  </component>
</application>