<application>
  <component name="ProjectJdkTable">
    <jdk version="2">
      <name value="Python 3.7" />
      <type value="Python SDK" />
      <version value="Python 3.7.5" />
      <homePath value="/usr/local/bin/python3.7" />
      <roots>
        <classPath>
          <root type="composite">
            <root url="file:///usr/local/Cellar/python/3.7.5/Frameworks/Python.framework/Versions/3.7/lib/python3.7" type="simple" />
            <root url="file:///usr/local/Cellar/python/3.7.5/Frameworks/Python.framework/Versions/3.7/lib/python3.7/lib-dynload" type="simple" />
            <root url="file://$USER_HOME$/Library/Python/3.7/lib/python/site-packages" type="simple" />
            <root url="file:///usr/local/lib/python3.7/site-packages" type="simple" />
            <root url="jar:///usr/local/lib/python3.7/site-packages/x2go-0.6.1.0-py3.7.egg!/" type="simple" />
            <root url="file:///usr/local/lib/python3.7/site-packages/gevent-1.5a1-py3.7-macosx-10.14-x86_64.egg" type="simple" />
            <root url="file:///usr/local/lib/python3.7/site-packages/PyNaCl-1.3.0-py3.7-macosx-10.14-x86_64.egg" type="simple" />
            <root url="file:///usr/local/lib/python3.7/site-packages/bcrypt-3.1.7-py3.7-macosx-10.14-x86_64.egg" type="simple" />
            <root url="file:///usr/local/lib/python3.7/site-packages/greenlet-0.4.15-py3.7-macosx-10.14-x86_64.egg" type="simple" />
            <root url="jar:///usr/local/lib/python3.7/site-packages/PyHoca_CLI-0.6.0.2-py3.7.egg!/" type="simple" />
            <root url="file:///usr/local/Cellar/protobuf/3.10.0/libexec/lib/python3.7/site-packages" type="simple" />
            <root url="file://$USER_HOME$/Library/Caches/GoLand2019.2/python_stubs/-1199943126" type="simple" />
            <root url="file://$APPLICATION_PLUGINS_DIR$/python-ce/helpers/python-skeletons" type="simple" />
            <root url="file://$APPLICATION_PLUGINS_DIR$/python-ce/helpers/typeshed/stdlib/3" type="simple" />
            <root url="file://$APPLICATION_PLUGINS_DIR$/python-ce/helpers/typeshed/stdlib/2and3" type="simple" />
            <root url="file://$APPLICATION_PLUGINS_DIR$/python-ce/helpers/typeshed/third_party/3" type="simple" />
            <root url="file://$APPLICATION_PLUGINS_DIR$/python-ce/helpers/typeshed/third_party/2and3" type="simple" />
          </root>
        </classPath>
        <sourcePath>
          <root type="composite" />
        </sourcePath>
      </roots>
      <additional />
    </jdk>
  </component>
</application>