<application>
  <component name="UISettings">
    <option name="ALLOW_MERGE_BUTTONS" value="false" />
    <option name="ANIMATE_WINDOWS" value="false" />
    <option name="CLOSE_TAB_BUTTON_ON_THE_RIGHT" value="false" />
    <option name="DISABLE_MNEMONICS_IN_CONTROLS" value="true" />
    <option name="EDITOR_TAB_PLACEMENT" value="3" />
    <option name="HIDE_TOOL_STRIPES" value="true" />
    <option name="OVERRIDE_NONIDEA_LAF_FONTS" value="true" />
    <option name="RECENT_FILES_LIMIT" value="100" />
    <option name="RECENT_LOCATIONS_LIMIT" value="50" />
    <option name="REUSE_NOT_MODIFIED_TABS" value="true" />
    <option name="SHOW_CLOSE_BUTTON" value="false" />
    <option name="SHOW_ICONS_IN_QUICK_NAVIGATION" value="false" />
    <option name="SHOW_ICONS_IN_MENUS" value="false" />
    <option name="SHOW_NAVIGATION_BAR" value="false" />
    <option name="SHOW_STATUS_BAR" value="false" />
    <option name="SHOW_TOOL_WINDOW_NUMBERS" value="false" />
    <option name="SORT_TABS_ALPHABETICALLY" value="true" />
  </component>
</application>