<keymap version="1" name="Mac OS X 10.5+ copy" parent="Mac OS X 10.5+">
  <action id="Console.History.Browse" />
  <action id="DatabaseView.SqlGenerator" />
  <action id="EditorCloneCaretAbove">
    <keyboard-shortcut first-keystroke="shift ctrl up" />
  </action>
  <action id="EditorCloneCaretBelow">
    <keyboard-shortcut first-keystroke="shift ctrl down" />
  </action>
  <action id="EditorToggleCase" />
  <action id="FileStructurePopup">
    <keyboard-shortcut first-keystroke="meta f12" />
    <keyboard-shortcut first-keystroke="shift meta p" />
  </action>
  <action id="FindNext" />
  <action id="FindPrevious" />
  <action id="FindUsages">
    <keyboard-shortcut first-keystroke="alt f7" />
    <keyboard-shortcut first-keystroke="shift meta u" />
  </action>
  <action id="Github.Open.In.Browser">
    <keyboard-shortcut first-keystroke="shift meta g" />
  </action>
  <action id="GoGenerateFileAction" />
  <action id="GotoImplementation">
    <keyboard-shortcut first-keystroke="meta alt b" />
  </action>
  <action id="GotoLine">
    <keyboard-shortcut first-keystroke="meta l" />
    <keyboard-shortcut first-keystroke="ctrl g" />
  </action>
  <action id="GotoTest" />
  <action id="Images.ShowThumbnails" />
  <action id="Javascript.Linters.EsLint.Fix">
    <keyboard-shortcut first-keystroke="meta alt e" />
  </action>
  <action id="ManageRecentProjects">
    <keyboard-shortcut first-keystroke="ctrl meta p" />
  </action>
  <action id="OpenInTerminal.open.current">
    <keyboard-shortcut first-keystroke="shift alt t" />
  </action>
  <action id="OpenInTerminal.open.module">
    <keyboard-shortcut first-keystroke="ctrl meta t" />
  </action>
  <action id="PasteMultiple" />
  <action id="RenameElement">
    <keyboard-shortcut first-keystroke="shift f6" />
    <mouse-shortcut keystroke="meta alt button1" />
  </action>
  <action id="RunDashboard.ShowConfigurations" />
  <action id="SaveAs" />
  <action id="SelectInProjectView">
    <keyboard-shortcut first-keystroke="shift meta s" />
  </action>
  <action id="SelectNextOccurrence" />
  <action id="ShelveChanges.UnshelveWithDialog" />
  <action id="Vcs.UpdateProject" />
  <action id="com.sburlyaev.cmd.plugin.actions.OpenInTerminal">
    <keyboard-shortcut first-keystroke="meta t" />
  </action>
  <action id="com.sburlyaev.cmd.plugin.actions.OpenTerminal">
    <keyboard-shortcut first-keystroke="shift meta t" />
  </action>
</keymap>