<application>
  <component name="GeneralSettings">
    <option name="autoSaveIfInactive" value="true" />
    <option name="confirmExit" value="false" />
    <option name="searchInBackground" value="true" />
    <option name="showTipsOnStartup" value="false" />
  </component>
  <component name="Registry">
    <entry key="dumb.aware.run.configurations" value="true" />
    <entry key="suggest.all.run.configurations.from.context" value="true" />
    <entry key="ide.mac.allowDarkWindowDecorations" value="true" />
    <entry key="ide.tooltip.initialDelay" value="613" />
  </component>
</application>