<code_scheme name="Default" version="173">
  <option name="OTHER_INDENT_OPTIONS">
    <value>
      <option name="USE_TAB_CHARACTER" value="true" />
    </value>
  </option>
  <option name="SOFT_MARGINS" value="120" />
  <GoCodeStyleSettings>
    <option name="ADD_PARENTHESES_FOR_SINGLE_IMPORT" value="true" />
    <option name="ADD_LEADING_SPACE_TO_COMMENTS" value="true" />
  </GoCodeStyleSettings>
  <JSCodeStyleSettings version="0">
    <option name="USE_SEMICOLON_AFTER_STATEMENT" value="false" />
  </JSCodeStyleSettings>
  <codeStyleSettings language="HTML">
    <indentOptions>
      <option name="USE_TAB_CHARACTER" value="true" />
    </indentOptions>
  </codeStyleSettings>
  <codeStyleSettings language="JSON">
    <indentOptions>
      <option name="INDENT_SIZE" value="4" />
      <option name="USE_TAB_CHARACTER" value="true" />
    </indentOptions>
  </codeStyleSettings>
</code_scheme>